SPDX_license_key,SPDX_fullname,SPDX_source_url,SPDX_notes,license_header
Glide,3dfx Glide License,"
http://www.users.on.net/~triforce/glidexp/COPYING.txt
",None,"
There is no standard license header for the license
"
Abstyles,Abstyles License,"
https://fedoraproject.org/wiki/Licensing/Abstyles
",None,"
There is no standard license header for the license
"
AFL-1.1,Academic Free License v1.1,"
http://opensource.linux-mirror.org/licenses/afl-1.1.txt
",This license has been superseded by later versions.,"
        
        Licensed under the Academic Free License version 1.1.
      "
AFL-1.2,Academic Free License v1.2,"
http://opensource.linux-mirror.org/licenses/afl-1.2.txt
",This license has been superseded by later versions.,"
        
        Licensed under the Academic Free License version 1.2
      "
AFL-2.0,Academic Free License v2.0,"
http://opensource.linux-mirror.org/licenses/afl-2.0.txt
",None,"
        
        Licensed under the Academic Free License version 2.0
      "
AFL-2.1,Academic Free License v2.1,"
http://opensource.linux-mirror.org/licenses/afl-2.1.txt
",None,"
        
        Licensed under the Academic Free License version 2.1
      "
AFL-3.0,Academic Free License v3.0,"
http://www.rosenlaw.com/AFL3.0.htm
http://www.opensource.org/licenses/afl-3.0
",None,"
        
        Licensed under the Academic Free License version 3.0
      "
AMPAS,Academy of Motion Picture Arts and Sciences BSD,"
https://fedoraproject.org/wiki/Licensing/BSD#AMPASBSD
",None,"
There is no standard license header for the license
"
APL-1.0,Adaptive Public License 1.0,"
http://www.opensource.org/licenses/APL-1.0
",None,"
        
        <various notices depending on terms chosen for license - see Exhibit A>
      "
Adobe-Glyph,Adobe Glyph List License,"
https://fedoraproject.org/wiki/Licensing/MIT#AdobeGlyph
",None,"
There is no standard license header for the license
"
APAFML,Adobe Postscript AFM License,"
https://fedoraproject.org/wiki/Licensing/AdobePostscriptAFM
",None,"
There is no standard license header for the license
"
Adobe-2006,Adobe Systems Incorporated Source Code License Agreement,"
https://fedoraproject.org/wiki/Licensing/AdobeLicense
",None,"
There is no standard license header for the license
"
AGPL-1.0,Affero General Public License v1.0,"
http://www.affero.org/oagpl.html
",None,"
There is no standard license header for the license
"
Afmparse,Afmparse License,"
https://fedoraproject.org/wiki/Licensing/Afmparse
",None,"
There is no standard license header for the license
"
Aladdin,Aladdin Free Public License,"
http://pages.cs.wisc.edu/~ghost/doc/AFPL/6.01/Public.htm
",This license was released 18 Nov 1999,"
There is no standard license header for the license
"
ADSL,Amazon Digital Services License,"
https://fedoraproject.org/wiki/Licensing/AmazonDigitalServicesLicense
",None,"
There is no standard license header for the license
"
AMDPLPA,AMD's plpa_map.c License,"
https://fedoraproject.org/wiki/Licensing/AMD_plpa_map_License
",None,"
There is no standard license header for the license
"
ANTLR-PD,ANTLR Software Rights Notice,"
http://www.antlr2.org/license.html
",ANTLR used this public domain notice through version 2.7 and then switched to a BSD license for version 3.0 and later.,"
There is no standard license header for the license
"
Apache-1.0,Apache License 1.0,"
http://www.apache.org/licenses/LICENSE-1.0
",None,"
There is no standard license header for the license
"
Apache-1.1,Apache License 1.1,"
http://apache.org/licenses/LICENSE-1.1
http://opensource.org/licenses/Apache-1.1
",This license has been superseded by Apache License 2.0,"
There is no standard license header for the license
"
Apache-2.0,Apache License 2.0,"
http://www.apache.org/licenses/LICENSE-2.0
http://www.opensource.org/licenses/Apache-2.0
",This license was released January 2004,"
        
        Copyright 
[yyyy] [name of copyright owner]
Licensed under the Apache License, Version 2.0 (the  License ); you may not use this file except in compliance with the License. You may obtain a copy of the License at
     http://www.apache.org/licenses/LICENSE-2.0
Unless required by applicable law or agreed to in writing, software distributed under the License is distributed on an  AS IS  BASIS, WITHOUT WARRANTIES OR CONDITIONS OF ANY KIND, either express or implied. See the License for the specific language governing permissions and limitations under the License.
"
AML,Apple MIT License,"
https://fedoraproject.org/wiki/Licensing/Apple_MIT_License
",None,"
There is no standard license header for the license
"
APSL-1.0,Apple Public Source License 1.0,"
https://fedoraproject.org/wiki/Licensing/Apple_Public_Source_License_1.0
",This license was released 16 March 1999.,"
        
        Portions Copyright (c) 1999 Apple Computer, Inc. All Rights Reserved. 
This file contains Original Code and/or Modifications of Original Code as defined in and that are subject to the Apple Public Source License Version 1.0 (the &apos;License&apos;). You may not use this file except in compliance with the License. Please obtain a copy of the License at http://www.apple.com/publicsource and read it before using this file.
The Original Code and all software distributed under the License are distributed on an &apos;AS IS&apos; basis, WITHOUT WARRANTY OF ANY KIND, EITHER EXPRESS OR IMPLIED, AND APPLE HEREBY DISCLAIMS ALL SUCH WARRANTIES, INCLUDING WITHOUT LIMITATION, ANY WARRANTIES OF MERCHANTABILITY, FITNESS FOR A PARTICULAR PURPOSE OR NON-INFRINGEMENT. Please see the License for the specific language governing rights and limitations under the License.
"
APSL-1.1,Apple Public Source License 1.1,"
http://www.opensource.apple.com/source/IOSerialFamily/IOSerialFamily-7/APPLE_LICENSE
",This license was released 19 April 1999.,"
        
        Portions Copyright (c) 1999-2000 Apple Computer, Inc.  All Rights Reserved.  
This file contains Original Code and/or Modifications of Original Code as defined in and that are subject to the Apple Public Source License Version 1.1 (the  License ).  You may not use this file except in compliance with the License.  Please obtain a copy of the License at http://www.apple.com/publicsource and read it before using this file.
The Original Code and all software distributed under the License are distributed on an  AS IS  basis, WITHOUT WARRANTY OF ANY KIND, EITHER EXPRESS OR IMPLIED, AND APPLE HEREBY DISCLAIMS ALL SUCH WARRANTIES, INCLUDING WITHOUT LIMITATION, ANY WARRANTIES OF MERCHANTABILITY, FITNESS FOR A PARTICULAR PURPOSE OR NON- INFRINGEMENT.  Please see the License for the specific language governing rights and limitations under the License.
"
APSL-1.2,Apple Public Source License 1.2,"
http://www.samurajdata.se/opensource/mirror/licenses/apsl.php
",This license was released 4 Jan 2001.,"
        
        Portions Copyright (c) 1999-2001 Apple Computer, Inc. All Rights Reserved.
This file contains Original Code and/or Modifications of Original Code as defined in and that are subject to the Apple Public Source License Version 1.2 (the &apos;License&apos;). You may not use this file except in compliance with the License. Please obtain a copy of the License at http://www.apple.com/publicsource and read it before using this file.
The Original Code and all software distributed under the License are distributed on an &apos;AS IS&apos; basis, WITHOUT WARRANTY OF ANY KIND, EITHER EXPRESS OR IMPLIED, AND APPLE HEREBY DISCLAIMS ALL SUCH WARRANTIES, INCLUDING WITHOUT LIMITATION, ANY WARRANTIES OF MERCHANTABILITY, FITNESS FOR A PARTICULAR PURPOSE, QUIET ENJOYMENT OR NON-INFRINGEMENT. Please see the License for the specific language governing rights and limitations under the License.
"
APSL-2.0,Apple Public Source License 2.0,"
http://www.opensource.apple.com/license/apsl/
",This license was released: 6 August 2003.,"
        
        Portions Copyright (c) 1999-2003 Apple Computer, Inc. All Rights Reserved.
This file contains Original Code and/or Modifications of Original Code as defined in and that are subject to the Apple Public Source License Version 2.0 (the &apos;License&apos;). You may not use this file except in compliance with the License. Please obtain a copy of the License at http://www.opensource.apple.com/apsl/ and read it before using this file.
The Original Code and all software distributed under the License are distributed on an &apos;AS IS&apos; basis, WITHOUT WARRANTY OF ANY KIND, EITHER EXPRESS OR IMPLIED, AND APPLE HEREBY DISCLAIMS ALL SUCH WARRANTIES, INCLUDING WITHOUT LIMITATION, ANY WARRANTIES OF MERCHANTABILITY, FITNESS FOR A PARTICULAR PURPOSE, QUIET ENJOYMENT OR NON-INFRINGEMENT. Please see the License for the specific language governing rights an limitations under the License. 
"
Artistic-1.0,Artistic License 1.0,"
http://opensource.org/licenses/Artistic-1.0
","This license was superseded by v2.0
This is Artistic License 1.0 as found on OSI site, excluding clause 8.","
There is no standard license header for the license
"
Artistic-1.0-Perl,Artistic License 1.0 (Perl),"
http://dev.perl.org/licenses/artistic.html
","This is the Artistic License 1.0 found on the Perl site, which is different (particularly, clauses 5, 6, 7 and 8) than the Artistic License 1.0 w/clause 8 found on the OSI site.","
There is no standard license header for the license
"
Artistic-1.0-cl8,Artistic License 1.0 w/clause 8,"
http://opensource.org/licenses/Artistic-1.0
","This license was superseded by v2.0
This is Artistic License 1.0 as found on OSI site, including clause 8.","
There is no standard license header for the license
"
Artistic-2.0,Artistic License 2.0,"
http://www.perlfoundation.org/artistic_license_2_0
http://www.opensource.org/licenses/artistic-license-2.0
",This license was released: 2006,"
There is no standard license header for the license
"
AAL,Attribution Assurance License,"
http://www.opensource.org/licenses/attribution
",This license was released: 2002,"
There is no standard license header for the license
"
Bahyph,Bahyph License,"
https://fedoraproject.org/wiki/Licensing/Bahyph
",None,"
There is no standard license header for the license
"
Barr,Barr License,"
https://fedoraproject.org/wiki/Licensing/Barr
",None,"
There is no standard license header for the license
"
Beerware,Beerware License,"
https://fedoraproject.org/wiki/Licensing/Beerware
",None,"
There is no standard license header for the license
"
BitTorrent-1.0,BitTorrent Open Source License v1.0,"
http://sources.gentoo.org/cgi-bin/viewvc.cgi/gentoo-x86/licenses/BitTorrent?r1=1.1&r2=1.1.1.1&diff_format=s
",None,"
        
        The contents of this file are subject to the BitTorrent Open Source License Version 1.0 (the License).  You may not copy or use this file, in either source code or executable form, except in compliance with the License.  You may obtain a copy of the License at http://www.bittorrent.com/license/. 
Software distributed under the License is distributed on an AS IS basis, WITHOUT WARRANTY OF ANY KIND, either express or implied.  See the License for the specific language governing rights and limitations under the License. 
"
BitTorrent-1.1,BitTorrent Open Source License v1.1,"
http://directory.fsf.org/wiki/License:BitTorrentOSL1.1
",Standard header seems to use wrong version number (this is how it appears on all references found.),"
        
        The contents of this file are subject to the BitTorrent Open Source License Version 1.0 (the License). You may not copy or use this file, in either source code or executable form, except in compliance with the License. You may obtain a copy of the License at http://www.bittorrent.com/license/.
Software distributed under the License is distributed on an AS IS basis, WITHOUT WARRANTY OF ANY KIND, either express or implied. See the License for the specific language governing rights and limitations under the License.
"
BSL-1.0,Boost Software License 1.0,"
http://www.boost.org/LICENSE_1_0.txt
http://www.opensource.org/licenses/BSL-1.0
",This license was released: 17 August 2003,"
There is no standard license header for the license
"
Borceux,Borceux license,"
https://fedoraproject.org/wiki/Licensing/Borceux
",None,"
There is no standard license header for the license
"
BSD-2-Clause,BSD 2-clause  Simplified  License,"
http://www.opensource.org/licenses/BSD-2-Clause
",None,"
There is no standard license header for the license
"
BSD-2-Clause-FreeBSD,BSD 2-clause FreeBSD License,"
http://www.freebsd.org/copyright/freebsd-license.html
",None,"
There is no standard license header for the license
"
BSD-2-Clause-NetBSD,BSD 2-clause NetBSD License,"
http://www.netbsd.org/about/redistribution.html#default
",NetBSD adopted this 2-clause license in 2008 for code contributed to NetBSD Foundation.,"
There is no standard license header for the license
"
BSD-3-Clause,BSD 3-clause  New  or  Revised  License,"
http://www.opensource.org/licenses/BSD-3-Clause
",None,"
There is no standard license header for the license
"
BSD-3-Clause-Clear,BSD 3-clause Clear License,"
http://labs.metacarta.com/license-explanation.html#license
",This is same as BSD-3-Clause but with explicit statement as to no patent rights granted in last paragraph.,"
There is no standard license header for the license
"
BSD-4-Clause,BSD 4-clause  Original  or  Old  License,"
http://directory.fsf.org/wiki/License:BSD_4Clause
",This license was rescinded by the author on 22 July 1999.,"
There is no standard license header for the license
"
BSD-Protection,BSD Protection License,"
https://fedoraproject.org/wiki/Licensing/BSD_Protection_License
",None,"
There is no standard license header for the license
"
BSD-3-Clause-Attribution,BSD with attribution,"
https://fedoraproject.org/wiki/Licensing/BSD_with_Attribution
",None,"
There is no standard license header for the license
"
0BSD,BSD Zero Clause License,"
http://landley.net/toybox/license.html
",None,"
There is no standard license header for the license
"
BSD-4-Clause-UC,BSD-4-Clause (University of California-Specific),"
http://www.freebsd.org/copyright/license.html
","This is the same license as the BSD-4-Clause, but with a copyright notice for the Regents of the University of California.  Captures the retroactive deletion of the third (advertising) clause of the Original BSD license for BSD-licensed code developed by UC Berkeley and its contributors (see ftp://ftp.cs.berkeley.edu/pub/4bsd/README.Impt.License.Change)","
There is no standard license header for the license
"
bzip2-1.0.5,bzip2 and libbzip2 License v1.0.5,"
http://bzip.org/1.0.5/bzip2-manual-1.0.5.html
",None,"
There is no standard license header for the license
"
bzip2-1.0.6,bzip2 and libbzip2 License v1.0.6,"
https://github.com/asimonov-im/bzip2/blob/master/LICENSE
",The bzip2.org website only shows version 1.0.5 of the license.,"
There is no standard license header for the license
"
Caldera,Caldera License,"
http://www.lemis.com/grog/UNIX/ancient-source-all.pdf
",None,"
There is no standard license header for the license
"
CECILL-1.0,CeCILL Free Software License Agreement v1.0,"
http://www.cecill.info/licences/Licence_CeCILL_V1-fr.html
",English translation can be found here: http://www.cecill.info/licences/Licence_CeCILL_V1-US.html,"
There is no standard license header for the license
"
CECILL-1.1,CeCILL Free Software License Agreement v1.1,"
http://www.cecill.info/licences/Licence_CeCILL_V1.1-US.html
","There is only an English version for 1.1, which includes some wording changes from v1.0","
There is no standard license header for the license
"
CECILL-2.0,CeCILL Free Software License Agreement v2.0,"
http://www.cecill.info/licences/Licence_CeCILL_V2-fr.html
",English translation can be found here: http://www.cecill.info/licences/Licence_CeCILL_V2-en.html,"
There is no standard license header for the license
"
CECILL-2.1,CeCILL Free Software License Agreement v2.1,"
http://www.cecill.info/licences/Licence_CeCILL_V2.1-fr.html
http://opensource.org/licenses/CECILL-2.1
",English translation can be found here:  http://www.cecill.info/licences/Licence_CeCILL_V2.1-en.html,"
There is no standard license header for the license
"
CECILL-B,CeCILL-B Free Software License Agreement,"
http://www.cecill.info/licences/Licence_CeCILL-B_V1-fr.html
",English translation can be found here:  http://www.cecill.info/licences/Licence_CeCILL-B_V1-en.html,"
There is no standard license header for the license
"
CECILL-C,CeCILL-C Free Software License Agreement,"
http://www.cecill.info/licences/Licence_CeCILL-C_V1-fr.html
",English translation can be found here: http://www.cecill.info/licences/Licence_CeCILL-C_V1-en.html,"
There is no standard license header for the license
"
ClArtistic,Clarified Artistic License,"
http://www.ncftp.com/ncftp/doc/LICENSE.txt
",None,"
There is no standard license header for the license
"
MIT-CMU,CMU License,"
https://fedoraproject.org/wiki/Licensing:MIT?rd=Licensing/MIT#CMU_Style
",None,"
There is no standard license header for the license
"
CNRI-Jython,CNRI Jython License,"
http://www.jython.org/license.html
","This is very similar to CNRI-Python (also on this list), but for an extra clause covering restrictions on trademark and use of the name.","
There is no standard license header for the license
"
CNRI-Python,CNRI Python License,"
http://www.opensource.org/licenses/CNRI-Python
",CNRI portion of the multi-part Python License (Python-2.0),"
There is no standard license header for the license
"
CNRI-Python-GPL-Compatible,CNRI Python Open Source GPL Compatible License Agreement,"
http://www.python.org/download/releases/1.6.1/download_win/
",None,"
There is no standard license header for the license
"
CPOL-1.02,Code Project Open License 1.02,"
http://www.codeproject.com/info/cpol10.aspx
",None,"
There is no standard license header for the license
"
CDDL-1.0,Common Development and Distribution License 1.0,"
http://www.opensource.org/licenses/cddl1
",This license was released: 24 January 2004.,"
There is no standard license header for the license
"
CDDL-1.1,Common Development and Distribution License 1.1,"
http://glassfish.java.net/public/CDDL+GPL_1_1.html
","Same as 1.0, but changes name from Sun to Oracle in section 4.1 and adds patent infringement termination clause (section 6.3)","
There is no standard license header for the license
"
CPAL-1.0,Common Public Attribution License 1.0,"
http://www.opensource.org/licenses/CPAL-1.0
",None,"
        
        The contents of this file are subject to the Common Public Attribution License Version 1.0 (the License); you may not use this file except in compliance with the License. You may obtain a copy of the License at _____. The License is based on the Mozilla Public License Version 1.1 but Sections 14 and 15 have been added to cover use of software over a computer network and provide for limited attribution for the Original Developer. In addition, Exhibit A has been modified to be consistent with Exhibit B.
Software distributed under the License is distributed on an AS IS basis, WITHOUT WARRANTY OF ANY KIND, either express or implied. See the License for the specific language governing rights and limitations under the License.
The Original Code is 
_____
.
The Original Developer is not the Initial Developer and is 
_____
. If left blank, the Original Developer is the Initial Developer.
The Initial Developer of the Original Code is 
_____
. All portions of the code written by 
_____
  are Copyright (c) 
_____
. All Rights Reserved.
Contributor 
_____
.
Alternatively, the contents of this file may be used under the terms of the 
_____
 license (the 
[____]
 License), in which case the provisions of 
[____]
  License are applicable instead of those above. If you wish to allow use of your version of this file only under the terms of the 
[____]
 License and not to allow others to use your version of this file under the CPAL, indicate your decision by deleting the provisions above and replace them with the notice and other provisions required by the 
[____]
 License. If you do not delete the provisions above, a recipient may use your version of this file under either the CPAL or the 
[____]
 License.
"
CPL-1.0,Common Public License 1.0,"
http://opensource.org/licenses/CPL-1.0
",This license was superseded by Eclipse Public License,"
There is no standard license header for the license
"
CATOSL-1.1,Computer Associates Trusted Open Source License 1.1,"
http://opensource.org/licenses/CATOSL-1.1
",None,"
There is no standard license header for the license
"
Condor-1.1,Condor Public License v1.1,"
http://research.cs.wisc.edu/condor/license.html#condor
",This license was released 30 October 2003,"
There is no standard license header for the license
"
CC-BY-1.0,Creative Commons Attribution 1.0,"
http://creativecommons.org/licenses/by/1.0/legalcode
",None,"
There is no standard license header for the license
"
CC-BY-2.0,Creative Commons Attribution 2.0,"
http://creativecommons.org/licenses/by/2.0/legalcode
",None,"
There is no standard license header for the license
"
CC-BY-2.5,Creative Commons Attribution 2.5,"
http://creativecommons.org/licenses/by/2.5/legalcode
",None,"
There is no standard license header for the license
"
CC-BY-3.0,Creative Commons Attribution 3.0,"
http://creativecommons.org/licenses/by/3.0/legalcode
",None,"
There is no standard license header for the license
"
CC-BY-4.0,Creative Commons Attribution 4.0,"
http://creativecommons.org/licenses/by/4.0/legalcode
",None,"
There is no standard license header for the license
"
CC-BY-ND-1.0,Creative Commons Attribution No Derivatives 1.0,"
http://creativecommons.org/licenses/by-nd/1.0/legalcode
",None,"
There is no standard license header for the license
"
CC-BY-ND-2.0,Creative Commons Attribution No Derivatives 2.0,"
http://creativecommons.org/licenses/by-nd/2.0/legalcode
",None,"
There is no standard license header for the license
"
CC-BY-ND-2.5,Creative Commons Attribution No Derivatives 2.5,"
http://creativecommons.org/licenses/by-nd/2.5/legalcode
",None,"
There is no standard license header for the license
"
CC-BY-ND-3.0,Creative Commons Attribution No Derivatives 3.0,"
http://creativecommons.org/licenses/by-nd/3.0/legalcode
",None,"
There is no standard license header for the license
"
CC-BY-ND-4.0,Creative Commons Attribution No Derivatives 4.0,"
http://creativecommons.org/licenses/by-nd/4.0/legalcode
",None,"
There is no standard license header for the license
"
CC-BY-NC-1.0,Creative Commons Attribution Non Commercial 1.0,"
http://creativecommons.org/licenses/by-nc/1.0/legalcode
",None,"
There is no standard license header for the license
"
CC-BY-NC-2.0,Creative Commons Attribution Non Commercial 2.0,"
http://creativecommons.org/licenses/by-nc/2.0/legalcode
",None,"
There is no standard license header for the license
"
CC-BY-NC-2.5,Creative Commons Attribution Non Commercial 2.5,"
http://creativecommons.org/licenses/by-nc/2.5/legalcode
",None,"
There is no standard license header for the license
"
CC-BY-NC-3.0,Creative Commons Attribution Non Commercial 3.0,"
http://creativecommons.org/licenses/by-nc/3.0/legalcode
",None,"
There is no standard license header for the license
"
CC-BY-NC-4.0,Creative Commons Attribution Non Commercial 4.0,"
http://creativecommons.org/licenses/by-nc/4.0/legalcode
",None,"
There is no standard license header for the license
"
CC-BY-NC-ND-1.0,Creative Commons Attribution Non Commercial No Derivatives 1.0,"
http://creativecommons.org/licenses/by-nd-nc/1.0/legalcode
",None,"
There is no standard license header for the license
"
CC-BY-NC-ND-2.0,Creative Commons Attribution Non Commercial No Derivatives 2.0,"
http://creativecommons.org/licenses/by-nc-nd/2.0/legalcode
",None,"
There is no standard license header for the license
"
CC-BY-NC-ND-2.5,Creative Commons Attribution Non Commercial No Derivatives 2.5,"
http://creativecommons.org/licenses/by-nc-nd/2.5/legalcode
",None,"
There is no standard license header for the license
"
CC-BY-NC-ND-3.0,Creative Commons Attribution Non Commercial No Derivatives 3.0,"
http://creativecommons.org/licenses/by-nc-nd/3.0/legalcode
",None,"
There is no standard license header for the license
"
CC-BY-NC-ND-4.0,Creative Commons Attribution Non Commercial No Derivatives 4.0,"
http://creativecommons.org/licenses/by-nc-nd/4.0/legalcode
",None,"
There is no standard license header for the license
"
CC-BY-NC-SA-1.0,Creative Commons Attribution Non Commercial Share Alike 1.0,"
http://creativecommons.org/licenses/by-nc-sa/1.0/legalcode
",None,"
There is no standard license header for the license
"
CC-BY-NC-SA-2.0,Creative Commons Attribution Non Commercial Share Alike 2.0,"
http://creativecommons.org/licenses/by-nc-sa/2.0/legalcode
",None,"
There is no standard license header for the license
"
CC-BY-NC-SA-2.5,Creative Commons Attribution Non Commercial Share Alike 2.5,"
http://creativecommons.org/licenses/by-nc-sa/2.5/legalcode
",None,"
There is no standard license header for the license
"
CC-BY-NC-SA-3.0,Creative Commons Attribution Non Commercial Share Alike 3.0,"
http://creativecommons.org/licenses/by-nc-sa/3.0/legalcode
",None,"
There is no standard license header for the license
"
CC-BY-NC-SA-4.0,Creative Commons Attribution Non Commercial Share Alike 4.0,"
http://creativecommons.org/licenses/by-nc-sa/4.0/legalcode
",None,"
There is no standard license header for the license
"
CC-BY-SA-1.0,Creative Commons Attribution Share Alike 1.0,"
http://creativecommons.org/licenses/by-sa/1.0/legalcode
",None,"
There is no standard license header for the license
"
CC-BY-SA-2.0,Creative Commons Attribution Share Alike 2.0,"
http://creativecommons.org/licenses/by-sa/2.0/legalcode
",None,"
There is no standard license header for the license
"
CC-BY-SA-2.5,Creative Commons Attribution Share Alike 2.5,"
http://creativecommons.org/licenses/by-sa/2.5/legalcode
",None,"
There is no standard license header for the license
"
CC-BY-SA-3.0,Creative Commons Attribution Share Alike 3.0,"
http://creativecommons.org/licenses/by-sa/3.0/legalcode
",None,"
There is no standard license header for the license
"
CC-BY-SA-4.0,Creative Commons Attribution Share Alike 4.0,"
http://creativecommons.org/licenses/by-sa/4.0/legalcode
",None,"
There is no standard license header for the license
"
CC0-1.0,Creative Commons Zero v1.0 Universal,"
http://creativecommons.org/publicdomain/zero/1.0/legalcode
",None,"
There is no standard license header for the license
"
Crossword,Crossword License,"
https://fedoraproject.org/wiki/Licensing/Crossword
",None,"
There is no standard license header for the license
"
CrystalStacker,CrystalStacker License,"
https://fedoraproject.org/wiki/Licensing:CrystalStacker?rd=Licensing/CrystalStacker
",None,"
There is no standard license header for the license
"
CUA-OPL-1.0,CUA Office Public License v1.0,"
http://opensource.org/licenses/CUA-OPL-1.0
",None,"
        
        The contents of this file are subject to the CUA Office Public License Version 1.0 (the  License ); you may not use this file except in compliance with the License. You may obtain a copy of the License at http://cuaoffice.sourceforge.net/
Software distributed under the License is distributed on an  AS IS  basis, WITHOUT WARRANTY OF ANY KIND, either express or implied. See the License for the specific language governing rights and limitations under the License.
The Original Code is 
_____
.
The Initial Developer of the Original Code is  
_____
.
Portions created by  
_____
 are Copyright (C)  
_____
. All Rights Reserved.
Contributor(s): 
_____
.
Alternatively, the contents of this file may be used under the terms of the 
_____
 license (the   
[____]
 License ), in which case the provisions of  
[____]
 License are applicable instead of those above. If you wish to allow use of your version of this file only under the terms of the  
[____]
 License and not to allow others to use your version of this file under the CUAPL, indicate your decision by deleting the provisions above and replace them with the notice and other provisions required by the 
[____]
 License. If you do not delete the provisions above, a recipient may use your version of this file under either the CUAPL or the 
[____]
 License. 
"
Cube,Cube License,"
https://fedoraproject.org/wiki/Licensing/Cube
",None,"
There is no standard license header for the license
"
curl,curl License,"
https://github.com/bagder/curl/blob/master/COPYING
",None,"
There is no standard license header for the license
"
D-FSL-1.0,Deutsche Freie Software Lizenz,"
http://www.dipp.nrw.de/d-fsl/lizenzen/
http://www.dipp.nrw.de/d-fsl/index_html/lizenzen/de/D-FSL-1_0_de.txt
",This license was created for and is backed by the German state.  The English translation can be found here: http://www.dipp.nrw.de/d-fsl/index_html/lizenzen/en/D-FSL-1_0_en.txt,"
        
        Copyright (C) 20[jj] [Name des Rechtsinhabers]. 
Dieses Programm kann durch jedermann gem den 
Bestimmungen der Deutschen Freien Software Lizenz 
genutzt werden. 
Die Lizenz kann unter <http://www.d-fsl.de> 
abgerufen werden.
"
diffmark,diffmark license,"
https://fedoraproject.org/wiki/Licensing/diffmark
",None,"
There is no standard license header for the license
"
WTFPL,Do What The F*ck You Want To Public License,"
http://sam.zoy.org/wtfpl/COPYING
",None,"
There is no standard license header for the license
"
DOC,DOC License,"
http://www.cs.wustl.edu/~schmidt/ACE-copying.html
",None,"
There is no standard license header for the license
"
Dotseqn,Dotseqn License,"
https://fedoraproject.org/wiki/Licensing/Dotseqn
",None,"
There is no standard license header for the license
"
DSDP,DSDP License,"
https://fedoraproject.org/wiki/Licensing/DSDP
",None,"
There is no standard license header for the license
"
dvipdfm,dvipdfm License,"
https://fedoraproject.org/wiki/Licensing/dvipdfm
",None,"
There is no standard license header for the license
"
EPL-1.0,Eclipse Public License 1.0,"
http://www.eclipse.org/legal/epl-v10.html
http://www.opensource.org/licenses/EPL-1.0
",EPL replaced the CPL on 28 June 2005.,"
There is no standard license header for the license
"
ECL-1.0,Educational Community License v1.0,"
http://opensource.org/licenses/ECL-1.0
",None,"
        
        Copyright (c) 
<year> <copyright holders>

Licensed under the Educational Community License version 1.0
      "
ECL-2.0,Educational Community License v2.0,"
http://opensource.org/licenses/ECL-2.0
","The Educational Community License version 2.0 ( ECL ) consists of the Apache 2.0 license, modified to change the scope of the patent grant in section 3 to be specific to the needs of the education communities using this license.

The url included in the boilerplate notice does not work. (15/10/10)","
        
        Copyright 
[yyyy] [copyright owner]

Licensed under the Educational Community License, Version 2.0 (the  License ); you may not use this file except in compliance with the License. You may obtain a copy of the License at
 http://www.osedu.org/licenses/ECL-2.0
Unless required by applicable law or agreed to in writing, software distributed under the License is distributed on an  AS IS  BASIS, WITHOUT WARRANTIES OR CONDITIONS OF ANY KIND, either express or implied. See the License for the specific language governing permissions and limitations under the License.
"
eGenix,eGenix.com Public License 1.1.0,"
http://www.egenix.com/products/eGenix.com-Public-License-1.1.0.pdf
https://fedoraproject.org/wiki/Licensing/eGenix.com_Public_License_1.1.0
",None,"
There is no standard license header for the license
"
EFL-1.0,Eiffel Forum License v1.0,"
http://www.eiffel-nice.org/license/forum.txt
http://opensource.org/licenses/EFL-1.0
",This license has been superseded by v2.0,"
There is no standard license header for the license
"
EFL-2.0,Eiffel Forum License v2.0,"
http://www.eiffel-nice.org/license/eiffel-forum-license-2.html
http://opensource.org/licenses/EFL-2.0
",None,"
There is no standard license header for the license
"
MIT-advertising,Enlightenment License (e16),"
https://fedoraproject.org/wiki/Licensing/MIT_With_Advertising
","This license is a modified version of the common MIT license, with an additional advertising clause","
There is no standard license header for the license
"
MIT-enna,enna License,"
https://fedoraproject.org/wiki/Licensing/MIT#enna
",None,"
There is no standard license header for the license
"
Entessa,Entessa Public License v1.0,"
http://opensource.org/licenses/Entessa
",None,"
There is no standard license header for the license
"
ErlPL-1.1,Erlang Public License v1.1,"
http://www.erlang.org/EPLICENSE
","This Erlang License is a derivative work of the Mozilla Public License, Version 1.0. It contains terms which differ from the Mozilla Public License, Version 1.0.","
        
        The contents of this file are subject to the Erlang Public License, Version 1.1, (the  License ); you may not use this file except in compliance with the License. You should have received a copy of the Erlang Public License along with this software. If not, it can be retrieved via the world wide web at http://www.erlang.org/.
Software distributed under the License is distributed on an  AS IS  basis, WITHOUT WARRANTY OF ANY KIND, either express or implied. See the License for the specific language governing rights and limitations under the License.
The Initial Developer of the Original Code is Ericsson Utvecklings AB.  Portions created by Ericsson are Copyright 1999, Ericsson Utvecklings AB. All Rights Reserved.
"
EUDatagrid,EU DataGrid Software License,"
http://eu-datagrid.web.cern.ch/eu-datagrid/license.html
http://www.opensource.org/licenses/EUDatagrid
",None,"
There is no standard license header for the license
"
EUPL-1.0,European Union Public License 1.0,"
http://ec.europa.eu/idabc/en/document/7330.html
http://ec.europa.eu/idabc/servlets/Doc027f.pdf?id=31096
",The European Commission has approved the EUPL on 9 January 2007.,"
There is no standard license header for the license
"
EUPL-1.1,European Union Public License 1.1,"
https://joinup.ec.europa.eu/software/page/eupl/licence-eupl
https://joinup.ec.europa.eu/system/files/EN/EUPL%20v.1.1%20-%20Licence.pdf
http://www.opensource.org/licenses/EUPL-1.1
","This license was released:  16 May 2008
This license is available in the 22 official languages of the EU.  The English version is included here.","
There is no standard license header for the license
"
Eurosym,Eurosym License,"
https://fedoraproject.org/wiki/Licensing/Eurosym
",None,"
There is no standard license header for the license
"
Fair,Fair License,"
http://www.opensource.org/licenses/Fair
",None,"
There is no standard license header for the license
"
MIT-feh,feh License,"
https://fedoraproject.org/wiki/Licensing/MIT#feh
",None,"
There is no standard license header for the license
"
Frameworx-1.0,Frameworx Open License 1.0,"
http://www.opensource.org/licenses/Frameworx-1.0
",The url included in the license does not work. (15/10/10),"
There is no standard license header for the license
"
FreeImage,FreeImage Public License v1.0,"
http://freeimage.sourceforge.net/freeimage-license.txt
","This is similar to MPL-1.0, but for the names, choice of law, and jurisdiction","
There is no standard license header for the license
"
FTL,Freetype Project License,"
http://freetype.fis.uniroma2.it/FTL.TXT
",This license was released 27 Jan 2006,"
There is no standard license header for the license
"
FSFAP,FSF All Permissive License,"
http://www.gnu.org/prep/maintain/html_node/License-Notices-for-Other-Files.html
",None,"
There is no standard license header for the license
"
FSFUL,FSF Unlimited License,"
https://fedoraproject.org/wiki/Licensing/FSF_Unlimited_License
",None,"
There is no standard license header for the license
"
FSFULLR,FSF Unlimited License (with License Retention),"
https://fedoraproject.org/wiki/Licensing/FSF_Unlimited_License#License_Retention_Variant
",None,"
There is no standard license header for the license
"
Giftware,Giftware License,"
http://alleg.sourceforge.net//license.html
",This license may also be known as Allegro 4. The Allegro 5 license shown at the alleg.sourceforge.net URL is the same as zlib,"
There is no standard license header for the license
"
GL2PS,GL2PS License,"
http://www.geuz.org/gl2ps/COPYING.GL2PS
",None,"
There is no standard license header for the license
"
Glulxe,Glulxe License,"
https://fedoraproject.org/wiki/Licensing/Glulxe
",None,"
There is no standard license header for the license
"
AGPL-3.0,GNU Affero General Public License v3.0,"
http://www.gnu.org/licenses/agpl.txt
http://www.opensource.org/licenses/AGPL-3.0
",This version was released: 19 November 2007,"
        
        Copyright (C) 
[year]  [name of author]
This program is free software: you can redistribute it and/or modify it under the terms of the GNU Affero General Public License as published by the Free Software Foundation, version 3.
This program is distributed in the hope that it will be useful, but WITHOUT ANY WARRANTY; without even the implied warranty of MERCHANTABILITY or FITNESS FOR A PARTICULAR PURPOSE.  See the GNU Affero General Public License for more details.
You should have received a copy of the GNU Affero General Public License along with this program.  If not, see <http://www.gnu.org/licenses/>.
"
GFDL-1.1,GNU Free Documentation License v1.1,"
http://www.gnu.org/licenses/old-licenses/fdl-1.1.txt
",This license was released March 2000,"
        
        Copyright (c) 
YEAR YOUR NAME
.
Permission is granted to copy, distribute and/or modify this document under the terms of the GNU Free Documentation License, Version 1.1 or any later version published by the Free Software Foundation; with the Invariant Sections being LIST THEIR TITLES, with the Front-Cover Texts being LIST, and with the Back-Cover Texts being LIST.
A copy of the license is included in the section entitled  GNU Free Documentation License .
"
GFDL-1.2,GNU Free Documentation License v1.2,"
http://www.gnu.org/licenses/old-licenses/fdl-1.2.txt
",This license was released November 2002,"
        
        Copyright (c) 
YEAR YOUR NAME
.
Permission is granted to copy, distribute and/or modify this document under the terms of the GNU Free Documentation License, Version 1.2 or any later version published by the Free Software Foundation; with no Invariant Sections, no Front-Cover Texts, and no Back-Cover Texts.
A copy of the license is included in the section entitled  GNU Free Documentation License .
"
GFDL-1.3,GNU Free Documentation License v1.3,"
http://www.gnu.org/licenses/fdl-1.3.txt
",This license was released 3 November 2008.,"
        
        Copyright (c) 
YEAR YOUR NAME
.
Permission is granted to copy, distribute and/or modify this document under the terms of the GNU Free Documentation License, Version 1.3 or any later version published by the Free Software Foundation; with no Invariant Sections, no Front-Cover Texts, and no Back-Cover Texts.
A copy of the license is included in the section entitled  GNU Free Documentation License .
"
GPL-1.0,GNU General Public License v1.0 only,"
http://www.gnu.org/licenses/old-licenses/gpl-1.0-standalone.html
","This license was released: February 1989.  
This license has been deprecated.
This refers to when this GPL 1.0 only is being used (as opposed to  or later).","
        
        Copyright (C) 
19xx name of author
This program is free software; you can redistribute it and/or modify it under the terms of the GNU General Public License as published by the Free Software Foundation; version 1.
This program is distributed in the hope that it will be useful, but WITHOUT ANY WARRANTY; without even the implied warranty of MERCHANTABILITY or FITNESS FOR A PARTICULAR PURPOSE.  See the GNU General Public License for more details.
You should have received a copy of the GNU General Public License along with this program; if not, write to the Free Software Foundation, Inc., 675 Mass Ave, Cambridge, MA 02139, USA.
"
GPL-2.0,GNU General Public License v2.0 only,"
http://www.gnu.org/licenses/old-licenses/gpl-2.0-standalone.html
http://www.opensource.org/licenses/GPL-2.0
","This license was released: June 1991
This refers to when this GPL 2.0 only is being used (as opposed to GPLv2 or later).","
        
        Copyright (C) 
yyyy  name of author
This program is free software; you can redistribute it and/or modify it under the terms of the GNU General Public License as published by the Free Software Foundation; version 2.
This program is distributed in the hope that it will be useful, but WITHOUT ANY WARRANTY; without even the implied warranty of MERCHANTABILITY or FITNESS FOR A PARTICULAR PURPOSE.  See the GNU General Public License for more details.
You should have received a copy of the GNU General Public License along with this program; if not, write to the Free Software Foundation, Inc., 51 Franklin Street, Fifth Floor, Boston, MA  02110-1301, USA.
"
GPL-3.0,GNU General Public License v3.0 only,"
http://www.gnu.org/licenses/gpl-3.0-standalone.html
http://www.opensource.org/licenses/GPL-3.0
","This license was released: 29 June 2007
This refers to when this GPL 3.0 only is being used (as opposed to  or later).","
        
        Copyright (C) 
<year>  <name of author>
[year]
This program is free software: you can redistribute it and/or modify it under the terms of the GNU General Public License as published by the Free Software Foundation, version.
This program is distributed in the hope that it will be useful, but WITHOUT ANY WARRANTY; without even the implied warranty of MERCHANTABILITY or FITNESS FOR A PARTICULAR PURPOSE.  See the GNU General Public License for more details.
You should have received a copy of the GNU General Public License along with this program.  If not, see <http://www.gnu.org/licenses/>.
"
LGPL-2.1,GNU Lesser General Public License v2.1 only,"
http://www.gnu.org/licenses/old-licenses/lgpl-2.1-standalone.html
http://www.opensource.org/licenses/LGPL-2.1
","This license was released: February 1999.
This refers to when this LGPL 2.1 only is being used (as opposed to  or later).","
        
        Copyright (C) 
year  name of author
This library is free software; you can redistribute it and/or modify it under the terms of the GNU Lesser General Public License as published by the Free Software Foundation; version 2.1.
This library is distributed in the hope that it will be useful, but WITHOUT ANY WARRANTY; without even the implied warranty of MERCHANTABILITY or FITNESS FOR A PARTICULAR PURPOSE.  See the GNU Lesser General Public License for more details.
You should have received a copy of the GNU Lesser General Public License along with this library; if not, write to the Free Software Foundation, Inc., 51 Franklin Street, Fifth Floor, Boston, MA  02110-1301  USA
"
LGPL-3.0,GNU Lesser General Public License v3.0 only,"
http://www.gnu.org/licenses/lgpl-3.0-standalone.html
http://www.opensource.org/licenses/LGPL-3.0
","This license was released: 29 June 2007.
This refers to when this LGPL 3.0 only is being used (as opposed to  or later).","
There is no standard license header for the license
"
LGPL-2.0,GNU Library General Public License v2 only,"
http://www.gnu.org/licenses/old-licenses/lgpl-2.0-standalone.html
","This license was released: June 1991.
This license has been superseded by LGPL v2.1
This refers to when this LGPL 2.0 only is being used (as opposed to  or later).","
        
        Copyright (C) 
year  name of author
This library is free software; you can redistribute it and/or modify it under the terms of the GNU Library General Public License as published by the Free Software Foundation; version 2.
This library is distributed in the hope that it will be useful, but WITHOUT ANY WARRANTY; without even the implied warranty of MERCHANTABILITY or FITNESS FOR A PARTICULAR PURPOSE.  See the GNU Library General Public License for more details.
You should have received a copy of the GNU Library General Public License along with this library; if not, write to the Free Software Foundation, Inc., 51 Franklin St, Fifth Floor, Boston, MA  02110-1301, USA.
"
gnuplot,gnuplot License,"
https://fedoraproject.org/wiki/Licensing/Gnuplot
",None,"
There is no standard license header for the license
"
gSOAP-1.3b,gSOAP Public License v1.3b,"
http://www.cs.fsu.edu/~engelen/license.html
",None,"
        
        The contents of this file are subject to the gSOAP Public License Version 1.3 (the  License ); you may not use this file except in compliance with the License. You may obtain a copy of the License at http://www.cs.fsu.edu/ engelen/soaplicense.html
Software distributed under the License is distributed on an  AS IS  basis, WITHOUT WARRANTY OF ANY KIND, either express or implied. See the License for the specific language governing rights and limitations under the License.
The Original Code of the gSOAP Software is: stdsoap.h, stdsoap2.h, stdsoap.c, stdsoap2.c, stdsoap.cpp, stdsoap2.cpp, soapcpp2.h, soapcpp2.c, soapcpp2_lex.l, soapcpp2_yacc.y, error2.h, error2.c, symbol2.c, init2.c, soapdoc2.html, and soapdoc2.pdf, httpget.h, httpget.c, stl.h, stldeque.h, stllist.h, stlvector.h, stlset.h.
The Initial Developer of the Original Code is Robert A. van Engelen. Portions created by Robert A. van Engelen are Copyright (C) 2001-2004 Robert A. van Engelen, Genivia inc. All Rights Reserved.
Contributor(s):
 ________________________. 
"
HaskellReport,Haskell Language Report License,"
https://fedoraproject.org/wiki/Licensing/Haskell_Language_Report_License
",None,"
There is no standard license header for the license
"
HPND,Historic Permission Notice and Disclaimer,"
http://www.opensource.org/licenses/HPND
",This license has been voluntarily deprecated by its author.,"
There is no standard license header for the license
"
IBM-pibs,IBM PowerPC Initialization and Boot Software,"
http://git.denx.de/?p=u-boot.git;a=blob;f=arch/powerpc/cpu/ppc4xx/miiphy.c;h=297155fdafa064b955e53e9832de93bfb0cfb85b;hb=9fab4bf4cc077c21e43941866f3f2c196f28670d
",None,"
There is no standard license header for the license
"
IPL-1.0,IBM Public License v1.0,"
http://www.opensource.org/licenses/IPL-1.0
",This license was superseded by CPL.,"
There is no standard license header for the license
"
ICU,ICU License,"
http://source.icu-project.org/repos/icu/icu/trunk/license.html
",None,"
There is no standard license header for the license
"
ImageMagick,ImageMagick License,"
http://www.imagemagick.org/script/license.php
",None,"
There is no standard license header for the license
"
iMatix,iMatix Standard Function Library Agreement,"
http://legacy.imatix.com/html/sfl/sfl4.htm#license
",None,"
There is no standard license header for the license
"
Imlib2,Imlib2 License,"
http://trac.enlightenment.org/e/browser/trunk/imlib2/COPYING
",None,"
There is no standard license header for the license
"
IJG,Independent JPEG Group License,"
http://dev.w3.org/cvsweb/Amaya/libjpeg/Attic/README?rev=1.2
",None,"
There is no standard license header for the license
"
Info-ZIP,Info-ZIP License,"
http://www.info-zip.org/license.html
",None,"
There is no standard license header for the license
"
Intel-ACPI,Intel ACPI Software License Agreement,"
https://fedoraproject.org/wiki/Licensing/Intel_ACPI_Software_License_Agreement
",None,"
There is no standard license header for the license
"
Intel,Intel Open Source License,"
http://opensource.org/licenses/Intel
","This license has been deprecated.  A note at the top of the OSI license page states,  The Intel Open Source License for CDSA/CSSM Implementation (BSD License with Export Notice) (Intel has ceased to use or recommend this license) ","
There is no standard license header for the license
"
Interbase-1.0,Interbase Public License v1.0,"
https://web.archive.org/web/20060319014854/http://info.borland.com/devsupport/interbase/opensource/IPL.html
",None,"
        
        The contents of this file are subject to the Interbase Public License Version 1.0 (the  License ); you may not use this file except in compliance with the License. You may obtain a copy of the License at http://www.Interbase.com/IPL.html
Software distributed under the License is distributed on an  AS IS  basis, WITHOUT WARRANTY OF ANY KIND, either express or implied. See the License for the specific language governing rights and limitations under the License.
The Original Code was created by InterBase Software Corp and its successors.
Portions created by Borland/Inprise are Copyright (C) Borland/Inprise. All Rights Reserved.
Contributor(s): ______________________________________.
"
IPA,IPA Font License,"
http://www.opensource.org/licenses/IPA
",None,"
There is no standard license header for the license
"
ISC,ISC License,"
http://www.isc.org/software/license
http://www.opensource.org/licenses/ISC
",None,"
There is no standard license header for the license
"
JasPer-2.0,JasPer License,"
http://www.ece.uvic.ca/~mdadams/jasper/LICENSE
",None,"
There is no standard license header for the license
"
JSON,JSON License,"
http://www.json.org/license.html
",None,"
There is no standard license header for the license
"
LPPL-1.0,LaTeX Project Public License v1.0,"
http://www.latex-project.org/lppl/lppl-1-0.txt
",This license was released 1 Mar 1999,"
        
        Copyright 
2001 M. Y. Name
This program can redistributed and/or modified under the terms of the LaTeX Project Public License Distributed from CTAN archives in directory macros/latex/base/lppl.txt; either version 1 of the License, or (at your option) any later version.
"
LPPL-1.1,LaTeX Project Public License v1.1,"
http://www.latex-project.org/lppl/lppl-1-1.txt
",This license was released 10 July 1999.,"
        
        Copyright 
2001 M. Y. Name
This program may be distributed and/or modified under the conditions of the LaTeX Project Public License, either version 1.1 of this license or (at your option) any later version.
The latest version of this license is in http://www.latex-project.org/lppl.txt
and version 1.1 or later is part of all distributions of LaTeX version 1999/06/01 or later.
This program consists of 
the files pig.dtx and pig.ins
"
LPPL-1.2,LaTeX Project Public License v1.2,"
http://www.latex-project.org/lppl/lppl-1-2.txt
",This license was released 3 Sept 1999.,"
        
        Copyright 
2001 M. Y. Name
This program may be distributed and/or modified under the conditions of the LaTeX Project Public License, either version 1.2 of this license or (at your option) any later version.
The latest version of this license is in http://www.latex-project.org/lppl.txt and version 1.2 or later is part of all distributions of LaTeX version 1999/12/01 or later.
This program consists of 
the files pig.dtx and pig.ins
"
LPPL-1.3a,LaTeX Project Public License v1.3a,"
http://www.latex-project.org/lppl/lppl-1-3a.txt
",This license was released 1 Oct 2004,"
        
        Copyright 
2003 M. Y. Name
This work may be distributed and/or modified under the conditions of the LaTeX Project Public License, either version 1.3 of this license or (at your option) any later version.
The latest version of this license is in
http://www.latex-project.org/lppl.txt
and version 1.3 or later is part of all distributions of LaTeX version 2003/12/01 or later.
This work has the LPPL maintenance status  maintained .
This Current Maintainer of this work is 
M. Y. Name
.
This work consists of 
pig.dtx and pig.ins % and the derived file pig.sty
.
"
LPPL-1.3c,LaTeX Project Public License v1.3c,"
http://www.latex-project.org/lppl/lppl-1-3c.txt
http://www.opensource.org/licenses/LPPL-1.3c
",This license was released: 4 May 2008,"
        
        Copyright 
2005 M. Y. Name
This work may be distributed and/or modified under the conditions of the LaTeX Project Public License, either version 1.3 of this license or (at your option) any later version. 
The latest version of this license is in http://www.latex-project.org/lppl.txt
And version 1.3 or later is part of all distributions of LaTeX version 2005/12/01 or later.
This work has the LPPL maintenance status `maintained&apos;. 
The Current Maintainer of this work is 
M. Y. Name
.
This work consists of the files 
pig.dtx and pig.ins and the derived file pig.sty
.
"
Latex2e,Latex2e License,"
https://fedoraproject.org/wiki/Licensing/Latex2e
",None,"
There is no standard license header for the license
"
BSD-3-Clause-LBNL,Lawrence Berkeley National Labs BSD variant license,"
https://fedoraproject.org/wiki/Licensing/LBNLBSD
","This license is the same as BSD-3-Clause, but with an additional default contribution licensing clause","
There is no standard license header for the license
"
Leptonica,Leptonica License,"
https://fedoraproject.org/wiki/Licensing/Leptonica
","This is an older license for Leptonica.  Currently, it uses BSD-2-Clause (see http://www.leptonica.com/about-the-license.html)","
There is no standard license header for the license
"
LGPLLR,Lesser General Public License For Linguistic Resources,"
http://www-igm.univ-mlv.fr/~unitex/lgpllr.html
",Appears to have borrowed some language from the LGPL-2.1.,"
There is no standard license header for the license
"
Libpng,libpng License,"
http://www.libpng.org/pub/png/src/libpng-LICENSE.txt
",None,"
There is no standard license header for the license
"
libtiff,libtiff License,"
https://fedoraproject.org/wiki/Licensing/libtiff
",None,"
There is no standard license header for the license
"
LAL-1.2,Licence Art Libre 1.2,"
http://artlibre.org/licence/lal/licence-art-libre-12/
","French is the canonical language for this license. Translations are available in:
English: http://artlibre.org/licence/lal/licence-art-libre-12/
Italian: http://artlibre.org/licence/lal/it/
Spanish: http://artlibre.org/licence/lal/es/","
There is no standard license header for the license
"
LAL-1.3,Licence Art Libre 1.3,"
http://artlibre.org/
","French is the canonical language for this license. Translations are available in:
English:  http://artlibre.org/licence/lal/en/
Portuguese: http://artlibre.org/licence/lal/pt/
Polish: http://artlibre.org/licence/lal/pl/","
There is no standard license header for the license
"
LiLiQ-P-1.1,Licence Libre du Qubec  Permissive version 1.1,"
http://opensource.org/licenses/LiLiQ-P-1.1
https://www.forge.gouv.qc.ca/participez/licence-logicielle/licence-libre-du-quebec-liliq-en-francais/licence-libre-du-quebec-liliq-en-francais-v1-0/licence-libre-du-quebec-reciprocite-liliq-r-v1-0/
",French is the canonical language for this license. An English translation is provided here: https://www.forge.gouv.qc.ca/participez/licence-logicielle/licence-libre-du-quebec-liliq-in-english/quebec-free-and-open-source-licence-%C2%96-permissive-liliq-p-v1-1/,"
There is no standard license header for the license
"
LiLiQ-Rplus-1.1,Licence Libre du Qubec  Rciprocit forte version 1.1,"
http://opensource.org/licenses/LiLiQ-Rplus-1.1
https://www.forge.gouv.qc.ca/participez/licence-logicielle/licence-libre-du-quebec-liliq-en-francais/licence-libre-du-quebec-reciprocite-forte-liliq-r-v1-1/
",French is the canonical language for this license. An English translation is provided here: https://www.forge.gouv.qc.ca/participez/licence-logicielle/licence-libre-du-quebec-liliq-in-english/quebec-free-and-open-source-licence-strong-reciprocity-liliq-r-v1-1/,"
There is no standard license header for the license
"
LiLiQ-R-1.1,Licence Libre du Qubec  Rciprocit version 1.1,"
http://opensource.org/licenses/LiLiQ-R-1.1
https://www.forge.gouv.qc.ca/participez/licence-logicielle/licence-libre-du-quebec-liliq-en-francais/licence-libre-du-quebec-reciprocite-liliq-r-v1-1/
",French is the canonical language for this license. An English translation is provided here: https://www.forge.gouv.qc.ca/participez/licence-logicielle/licence-libre-du-quebec-liliq-in-english/quebec-free-and-open-source-licence-reciprocity-liliq-r-v1-1/,"
There is no standard license header for the license
"
LPL-1.02,Lucent Public License v1.02,"
http://plan9.bell-labs.com/plan9/license.html
http://www.opensource.org/licenses/LPL-1.02
",None,"
There is no standard license header for the license
"
LPL-1.0,Lucent Public License Version 1.0,"
http://opensource.org/licenses/LPL-1.0
",None,"
There is no standard license header for the license
"
MakeIndex,MakeIndex License,"
https://fedoraproject.org/wiki/Licensing/MakeIndex
",None,"
There is no standard license header for the license
"
MTLL,Matrix Template Library License,"
https://fedoraproject.org/wiki/Licensing/Matrix_Template_Library_License
",None,"
There is no standard license header for the license
"
MS-PL,Microsoft Public License,"
http://www.microsoft.com/opensource/licenses.mspx
http://www.opensource.org/licenses/MS-PL
",None,"
There is no standard license header for the license
"
MS-RL,Microsoft Reciprocal License,"
http://www.microsoft.com/opensource/licenses.mspx
http://www.opensource.org/licenses/MS-RL
",None,"
There is no standard license header for the license
"
MirOS,MirOS Licence,"
http://www.opensource.org/licenses/MirOS
",None,"
There is no standard license header for the license
"
MITNFA,MIT +no-false-attribs license,"
https://fedoraproject.org/wiki/Licensing/MITNFA
",None,"
There is no standard license header for the license
"
MIT,MIT License,"
http://www.opensource.org/licenses/MIT
",None,"
There is no standard license header for the license
"
Motosoto,Motosoto License,"
http://www.opensource.org/licenses/Motosoto
",None,"
        
        license mentions the inclusion of a notice in Exhibit A, but no example text identified as Exhibit A in the license.
      "
MPL-1.0,Mozilla Public License 1.0,"
http://www.mozilla.org/MPL/MPL-1.0.html
http://opensource.org/licenses/MPL-1.0
",This license has been superseded by v1.1,"
        
        The contents of this file are subject to the Mozilla Public License Version 1.0 (the  License ); you may not use this file except in compliance with the License. You may obtain a copy of the License at http://www.mozilla.org/MPL/
Software distributed under the License is distributed on an  AS IS  basis, WITHOUT WARRANTY OF ANY KIND, either express or implied. See the License for the specific language governing rights and limitations under the License.
The Original Code is 
_____
.
The Initial Developer of the Original Code is 
_____
. Portions created by 
_____
 are Copyright (C) 
_____
. All Rights Reserved.
Contributor(s): 
_____
.
"
MPL-1.1,Mozilla Public License 1.1,"
http://www.mozilla.org/MPL/MPL-1.1.html
http://www.opensource.org/licenses/MPL-1.1
",This license has been superseded by v2.0,"
        
        The contents of this file are subject to the Mozilla Public License Version 1.1 (the  License ); you may not use this file except in compliance with the License. You may obtain a copy of the License at http://www.mozilla.org/MPL/
Software distributed under the License is distributed on an  AS IS  basis, WITHOUT WARRANTY OF ANY KIND, either express or implied. See the License for the specific language governing rights and limitations under the License.
The Original Code is 
_____
.
The Initial Developer of the Original Code is 
_____
. Portions created by 
_____
 are Copyright (C) 
_____
. All Rights Reserved.
Contributor(s): 
_____
.
Alternatively, the contents of this file may be used under the terms of the 
_____
 license (the   
[____]
 License ), in which case the provisions of 
[____]
 License are applicable instead of those above. If you wish to allow use of your version of this file only under the terms of the 
[____]
 License and not to allow others to use your version of this file under the MPL, indicate your decision by deleting the provisions above and replace them with the notice and other provisions required by the 
[____]
 License. If you do not delete the provisions above, a recipient may use your version of this file under either the MPL or the
[____]
] License. 
"
MPL-2.0,Mozilla Public License 2.0,"
http://www.mozilla.org/MPL/2.0/
http://opensource.org/licenses/MPL-2.0
","This license was released in January 2012.
This license list entry is for use when the standard MPL 2.0 is used, as indicated by the standard header (Exhibit A but no Exhibit B).","
        
        This Source Code Form is subject to the terms of the Mozilla Public License, v. 2.0. If a copy of the MPL was not distributed with this file, You can obtain one at http://mozilla.org/MPL/2.0/.
      "
MPL-2.0-no-copyleft-exception,Mozilla Public License 2.0 (no copyleft exception),"
http://www.mozilla.org/MPL/2.0/
http://opensource.org/licenses/MPL-2.0
","This license was released in January 2012.
This license list entry is for use when the MPL's Exhibit B, which removes the Sec 3.3 copyleft exception.","
        
        This Source Code Form is subject to the terms of the Mozilla Public License, v. 2.0. If a copy of the MPL was not distributed with this file, You can obtain one at http://mozilla.org/MPL/2.0/.
This Source Code Form is Incompatible With Secondary Licenses, as defined by the Mozilla Public License, v. 2.0.
      "
mpich2,mpich2 License,"
https://fedoraproject.org/wiki/Licensing/MIT
",None,"
There is no standard license header for the license
"
Multics,Multics License,"
http://www.opensource.org/licenses/Multics
",None,"
There is no standard license header for the license
"
Mup,Mup License,"
https://fedoraproject.org/wiki/Licensing/Mup
",None,"
There is no standard license header for the license
"
NASA-1.3,NASA Open Source Agreement 1.3,"
http://ti.arc.nasa.gov/opensource/nosa/
http://www.opensource.org/licenses/NASA-1.3
",None,"
There is no standard license header for the license
"
Naumen,Naumen Public License,"
http://www.opensource.org/licenses/Naumen
",None,"
There is no standard license header for the license
"
NBPL-1.0,Net Boolean Public License v1,"
http://www.openldap.org/devel/gitweb.cgi?p=openldap.git;a=blob;f=LICENSE;hb=37b4b3f6cc4bf34e1d3dec61e69914b9819d8894
","This license was released 22 August 1998.
This license was issued twice, but only with formatting differences.","
There is no standard license header for the license
"
NetCDF,NetCDF license,"
http://www.unidata.ucar.edu/software/netcdf/copyright.html
",None,"
There is no standard license header for the license
"
NGPL,Nethack General Public License,"
http://www.opensource.org/licenses/NGPL
",None,"
There is no standard license header for the license
"
NOSL,Netizen Open Source License,"
http://bits.netizen.com.au/licenses/NOSL/nosl.txt
",None,"
        
        The contents of this file are subject to the Netizen Open Source License Version 1.0 (the  License ); you may not use this file except in compliance with the License. You may obtain a copy of the License at http://netizen.com.au/licenses/NOPL/ 
Software distributed under the License is distributed on an  AS IS  basis, WITHOUT WARRANTY OF ANY KIND, either express or implied. See the License for the specific language governing rights and limitations under the License. 
The Original Code is ______________________________________. 
The Initial Developer of the Original Code is ________________________. Portions created by ______________________ are Copyright (C) ______ _______________________. All Rights Reserved. 
Contributor(s): ______________________________________. 
Alternatively, the contents of this file may be used under the terms of the _____ license (the  [___] License ), in which case the provisions of [______] License are applicable instead of those above. If you wish to allow use of your version of this file only under the terms of the [____] License and not to allow others to use your version of this file under the NOSL, indicate your decision by deleting the provisions above and replace them with the notice and other provisions required by the [___] License. If you do not delete the provisions above, a recipient may use your version of this file under either the NOSL or the [___] License.
"
NPL-1.0,Netscape Public License v1.0,"
http://www.mozilla.org/MPL/NPL/1.0/
",None,"
There is no standard license header for the license
"
NPL-1.1,Netscape Public License v1.1,"
http://www.mozilla.org/MPL/NPL/1.1/
",None,"
        
        The contents of this file are subject to the Netscape Public License Version 1.0 (the  License ); you may not use this file except in compliance with the License. You may obtain a copy of the License at http://www.mozilla.org/NPL/
Software distributed under the License is distributed on an  AS IS  basis, WITHOUT WARRANTY OF ANY KIND, either express or implied. See the License for the specific language governing rights and limitations under the License.
The Original Code is Mozilla Communicator client code, released March 31, 1998.
The Initial Developer of the Original Code is Netscape Communications Corporation. Portions created by Netscape are Copyright (C) 1998 Netscape Communications Corporation. All Rights Reserved.
Contributor(s): ______________________________________.
"
Newsletr,Newsletr License,"
https://fedoraproject.org/wiki/Licensing/Newsletr
",None,"
There is no standard license header for the license
"
NLPL,No Limit Public License,"
https://fedoraproject.org/wiki/Licensing/NLPL
",None,"
There is no standard license header for the license
"
Nokia,Nokia Open Source License,"
http://www.opensource.org/licenses/nokia
",None,"
There is no standard license header for the license
"
NPOSL-3.0,Non-Profit Open Software License 3.0,"
http://www.opensource.org/licenses/NOSL3.0
",None,"
        
        Licensed under theNon-ProfitOpen Software License version 3.0
      "
NLOD-1.0,Norwegian Licence for Open Government Data,"
http://data.norge.no/nlod/en/1.0
",Norwegian translation available here: http://data.norge.no/nlod/no/1.0,"
There is no standard license header for the license
"
Noweb,Noweb License,"
https://fedoraproject.org/wiki/Licensing/Noweb
",None,"
There is no standard license header for the license
"
NRL,NRL License,"
http://web.mit.edu/network/isakmp/nrllicense.html
",None,"
There is no standard license header for the license
"
NTP,NTP License,"
http://www.opensource.org/licenses/NTP
",None,"
There is no standard license header for the license
"
Nunit,Nunit License,"
https://fedoraproject.org/wiki/Licensing/Nunit
",None,"
There is no standard license header for the license
"
OCLC-2.0,OCLC Research Public License 2.0,"
http://www.oclc.org/research/activities/software/license/v2final.htm
http://www.opensource.org/licenses/OCLC-2.0
",This license was released: May 2002,"
        
        Copyright (c) 2000-
(insert then current year)
. OCLC Online Computer Library Center, Inc. and other contributors. All rights reserved. 
The contents of this file, as updated from time to time by the OCLC Office of Research, are subject to OCLC Research Public License Version 2.0 (the  License ); you may not use this file except in compliance with the License. You may obtain a current copy of the License at http://purl.oclc.org/oclc/research/ORPL/. Software distributed under the License is distributed on an  AS IS  basis, WITHOUT WARRANTY OF ANY KIND, either express or implied. See the License for the specific language governing rights and limitations under the License. This software consists of voluntary contributions made by many individuals on behalf of OCLC Research. For more information on OCLC Research, please see http://www.oclc.org/research/. 
The Original Code is 
_____
.. The Initial Developer of the Original Code is 
_____
. Portions created by 
_____
 are Copyright (C)  
_____
. All Rights Reserved. 
Contributor(s): 
_____
.
"
ODbL-1.0,ODC Open Database License v1.0,"
http://www.opendatacommons.org/licenses/odbl/1.0/
",None,"
There is no standard license header for the license
"
PDDL-1.0,ODC Public Domain Dedication & License 1.0,"
http://opendatacommons.org/licenses/pddl/1.0/
",None,"
There is no standard license header for the license
"
OCCT-PL,Open CASCADE Technology Public License,"
http://www.opencascade.com/content/occt-public-license
",None,"
There is no standard license header for the license
"
OGTSL,Open Group Test Suite License,"
http://www.opengroup.org/testing/downloads/The_Open_Group_TSL.txt
http://www.opensource.org/licenses/OGTSL
",None,"
There is no standard license header for the license
"
OLDAP-2.2.2,Open LDAP Public License  2.2.2,"
http://www.openldap.org/devel/gitweb.cgi?p=openldap.git;a=blob;f=LICENSE;hb=df2cc1e21eb7c160695f5b7cffd6296c151ba188
",This license was released 28 July 2000.,"
There is no standard license header for the license
"
OLDAP-1.1,Open LDAP Public License v1.1,"
http://www.openldap.org/devel/gitweb.cgi?p=openldap.git;a=blob;f=LICENSE;hb=806557a5ad59804ef3a44d5abfbe91d706b0791f
",This license was released 25 August 1998.,"
There is no standard license header for the license
"
OLDAP-1.2,Open LDAP Public License v1.2,"
http://www.openldap.org/devel/gitweb.cgi?p=openldap.git;a=blob;f=LICENSE;hb=42b0383c50c299977b5893ee695cf4e486fb0dc7
","This license was released 1 September 1998.
This license was issued four time, but only with formatting differences.","
There is no standard license header for the license
"
OLDAP-1.3,Open LDAP Public License v1.3,"
http://www.openldap.org/devel/gitweb.cgi?p=openldap.git;a=blob;f=LICENSE;hb=e5f8117f0ce088d0bd7a8e18ddf37eaa40eb09b1
","This license was released 17 January 1999.
This license was issued twice in the same day with a minor correction.  This is the corrected (second) version.","
There is no standard license header for the license
"
OLDAP-1.4,Open LDAP Public License v1.4,"
http://www.openldap.org/devel/gitweb.cgi?p=openldap.git;a=blob;f=LICENSE;hb=c9f95c2f3f2ffb5e0ae55fe7388af75547660941
",This license was released 18 January 1999.,"
There is no standard license header for the license
"
OLDAP-2.0,Open LDAP Public License v2.0 (or possibly 2.0A and 2.0B),"
http://www.openldap.org/devel/gitweb.cgi?p=openldap.git;a=blob;f=LICENSE;hb=cbf50f4e1185a21abd4c0a54d3f4341fe28f36ea
",This license was released 7 June 1999.,"
There is no standard license header for the license
"
OLDAP-2.0.1,Open LDAP Public License v2.0.1,"
http://www.openldap.org/devel/gitweb.cgi?p=openldap.git;a=blob;f=LICENSE;hb=b6d68acd14e51ca3aab4428bf26522aa74873f0e
","This license was released 21 December 1999.
This license is the same as 2.0 with the word  registered  removed from in front of  trademark. ","
There is no standard license header for the license
"
OLDAP-2.1,Open LDAP Public License v2.1,"
http://www.openldap.org/devel/gitweb.cgi?p=openldap.git;a=blob;f=LICENSE;hb=b0d176738e96a0d3b9f85cb51e140a86f21be715
",This license was released 29 February 2000.,"
There is no standard license header for the license
"
OLDAP-2.2,Open LDAP Public License v2.2,"
http://www.openldap.org/devel/gitweb.cgi?p=openldap.git;a=blob;f=LICENSE;hb=470b0c18ec67621c85881b2733057fecf4a1acc3
",This license was released 1 March 2000.,"
There is no standard license header for the license
"
OLDAP-2.2.1,Open LDAP Public License v2.2.1,"
http://www.openldap.org/devel/gitweb.cgi?p=openldap.git;a=blob;f=LICENSE;hb=4bc786f34b50aa301be6f5600f58a980070f481e
",This license was released 1 March 2000.,"
There is no standard license header for the license
"
OLDAP-2.3,Open LDAP Public License v2.3,"
http://www.openldap.org/devel/gitweb.cgi?p=openldap.git;a=blob;f=LICENSE;hb=d32cf54a32d581ab475d23c810b0a7fbaf8d63c3
",This license was released 28 July 2000.,"
There is no standard license header for the license
"
OLDAP-2.4,Open LDAP Public License v2.4,"
http://www.openldap.org/devel/gitweb.cgi?p=openldap.git;a=blob;f=LICENSE;hb=cd1284c4a91a8a380d904eee68d1583f989ed386
",This license was released 8 December 2000.,"
There is no standard license header for the license
"
OLDAP-2.5,Open LDAP Public License v2.5,"
http://www.openldap.org/devel/gitweb.cgi?p=openldap.git;a=blob;f=LICENSE;hb=6852b9d90022e8593c98205413380536b1b5a7cf
",This license was released 11 May 2001.,"
There is no standard license header for the license
"
OLDAP-2.6,Open LDAP Public License v2.6,"
http://www.openldap.org/devel/gitweb.cgi?p=openldap.git;a=blob;f=LICENSE;hb=1cae062821881f41b73012ba816434897abf4205
",This license was released 14 June 2001.,"
There is no standard license header for the license
"
OLDAP-2.7,Open LDAP Public License v2.7,"
http://www.openldap.org/devel/gitweb.cgi?p=openldap.git;a=blob;f=LICENSE;hb=47c2415c1df81556eeb39be6cad458ef87c534a2
",This license was released 7 September 2001.,"
There is no standard license header for the license
"
OLDAP-2.8,Open LDAP Public License v2.8,"
http://www.openldap.org/software/release/license.html
",None,"
There is no standard license header for the license
"
OML,Open Market License,"
https://fedoraproject.org/wiki/Licensing/Open_Market_License
",None,"
There is no standard license header for the license
"
OPL-1.0,Open Public License v1.0,"
http://old.koalateam.com/jackaroo/OPL_1_0.TXT
https://fedoraproject.org/wiki/Licensing/Open_Public_License
",None,"
There is no standard license header for the license
"
OSL-1.0,Open Software License 1.0,"
http://opensource.org/licenses/OSL-1.0
",This license has been superseded.,"
There is no standard license header for the license
"
OSL-1.1,Open Software License 1.1,"
https://fedoraproject.org/wiki/Licensing/OSL1.1
",None,"
There is no standard license header for the license
"
OSL-2.0,Open Software License 2.0,"
http://web.archive.org/web/20041020171434/http://www.rosenlaw.com/osl2.0.html
",None,"
There is no standard license header for the license
"
OSL-2.1,Open Software License 2.1,"
http://opensource.org/licenses/OSL-2.1
http://web.archive.org/web/20050212003940/http://www.rosenlaw.com/osl21.htm
",Same as version 2.0 of this license except with changes to section 10,"
There is no standard license header for the license
"
OSL-3.0,Open Software License 3.0,"
http://www.rosenlaw.com/OSL3.0.htm
http://www.opensource.org/licenses/OSL-3.0
",None,"
There is no standard license header for the license
"
OpenSSL,OpenSSL License,"
http://www.openssl.org/source/license.html
","The OpenSSL toolkit stays under a dual license, i.e. both the conditions of the OpenSSL License and the original SSLeay license apply to the toolkit.","
There is no standard license header for the license
"
OSET-PL-2.1,OSET Public License version 2.1,"
http://opensource.org/licenses/OPL-2.1
http://www.osetfoundation.org/public-license/#
",None,"
There is no standard license header for the license
"
PHP-3.0,PHP License v3.0,"
http://www.opensource.org/licenses/PHP-3.0
http://www.php.net/license/3_0.txt
",None,"
There is no standard license header for the license
"
PHP-3.01,PHP License v3.01,"
http://www.php.net/license/3_01.txt
","The PHP License v3.01 is essentially the same as v3.0, with the exception of a couple word differences and updated url in section 6.","
There is no standard license header for the license
"
Plexus,Plexus Classworlds License,"
https://fedoraproject.org/wiki/Licensing/Plexus_Classworlds_License
","This same license is used by several other projects: 
- Dom4j, e.g. http://dom4j.sourceforge.net/dom4j-1.6.1/license.html
- Jaxen, e.g. https://confluence.sakaiproject.org/display/LIC/Jaxen+License+1.3
- jCharts, e.g. http://jcharts.sourceforge.net/license.html","
There is no standard license header for the license
"
PostgreSQL,PostgreSQL License,"
http://www.postgresql.org/about/licence
http://www.opensource.org/licenses/PostgreSQL
",None,"
There is no standard license header for the license
"
psfrag,psfrag License,"
https://fedoraproject.org/wiki/Licensing/psfrag
",None,"
There is no standard license header for the license
"
psutils,psutils License,"
https://fedoraproject.org/wiki/Licensing/psutils
",None,"
There is no standard license header for the license
"
Python-2.0,Python License 2.0,"
http://www.opensource.org/licenses/Python-2.0
",overall Python license,"
There is no standard license header for the license
"
QPL-1.0,Q Public License 1.0,"
http://doc.qt.nokia.com/3.3/license.html
http://www.opensource.org/licenses/QPL-1.0
",None,"
There is no standard license header for the license
"
Qhull,Qhull License,"
https://fedoraproject.org/wiki/Licensing/Qhull
",None,"
There is no standard license header for the license
"
Rdisc,Rdisc License,"
https://fedoraproject.org/wiki/Licensing/Rdisc_License
",None,"
There is no standard license header for the license
"
RPSL-1.0,RealNetworks Public Source License v1.0,"
https://helixcommunity.org/content/rpsl
http://www.opensource.org/licenses/RPSL-1.0
",None,"
        
        Copyright  1995-2002 RealNetworks, Inc. and/or its licensors. All Rights Reserved.
The contents of this file, and the files included with this file, are subject to the current version of the RealNetworks Public Source License Version 1.0 (the  RPSL ) available at https://www.helixcommunity.org/content/rpsl unless you have licensed the file under the RealNetworks Community Source License Version 1.0 (the  RCSL ) available at https://www.helixcommunity.org/content/rcsl, in which case the RCSL will apply. You may also obtain the license terms directly from RealNetworks. You may not use this file except in compliance with the RPSL or, if you have a valid RCSL with RealNetworks applicable to this file, the RCSL. Please see the applicable RPSL or RCSL for the rights, obligations and limitations governing use of the contents of the file.
This file is part of the Helix DNA Technology. RealNetworks is the developer of the Original code and owns the copyrights in the portions it created.
This file, and the files included with this file, is distributed and made available on an &apos;AS IS&apos; basis, WITHOUT WARRANTY OF ANY KIND, EITHER EXPRESS OR IMPLIED, AND REALNETWORKS HEREBY DISCLAIMS ALL SUCH WARRANTIES, INCLUDING WITHOUT LIMITATION, ANY WARRANTIES OF MERCHANTABILITY, FITNESS FOR A PARTICULAR PURPOSE, QUIET ENJOYMENT OR NON-INFRINGEMENT.
Contributor(s): 
_____

Technology Compatibility Kit Test Suite(s) Location (if licensed under the RCSL):
_____
.
"
RPL-1.1,Reciprocal Public License 1.1,"
http://opensource.org/licenses/RPL-1.1
","This license has been superseded by the Reciprocal Public License, version 1.5","
        
        Copyright (C) 1999-2002 Technical Pursuit Inc., All Rights Reserved. Patent Pending, Technical Pursuit Inc.
    Unless explicitly acquired and licensed from Licensor under the Technical Pursuit License ( TPL ) Version 1.0 or greater, the contents of this file are subject to the Reciprocal Public License ( RPL ) Version 1.1, or subsequent versions as allowed by the RPL, and You may not copy or use this file in either source code or executable form, except in compliance with the terms and conditions of the RPL.
    You may obtain a copy of both the TPL and the RPL (the  Licenses ) from Technical Pursuit Inc. at http://www.technicalpursuit.com.
    All software distributed under the Licenses is provided strictly on an  AS IS  basis, WITHOUT WARRANTY OF ANY KIND, EITHER EXPRESS OR IMPLIED, AND TECHNICAL PURSUIT INC. HEREBY DISCLAIMS ALL SUCH WARRANTIES, INCLUDING WITHOUT LIMITATION, ANY WARRANTIES OF MERCHANTABILITY, FITNESS FOR A PARTICULAR PURPOSE, QUIET ENJOYMENT, OR NON-INFRINGEMENT. See the Licenses for specific language governing rights and limitations under the Licenses.
"
RPL-1.5,Reciprocal Public License 1.5,"
http://www.opensource.org/licenses/RPL-1.5
",This license was released: 15 July 2007,"
        
        Unless explicitly acquired and licensed from Licensor under another license, the contents of this file are subject to the Reciprocal Public License ( RPL ) Version 1.5, or subsequent versions as allowed by the RPL, and You may not copy or use this file in either source code or executable form, except in compliance with the terms and conditions of the RPL.
All software distributed under the RPL is provided strictly on an  AS IS  basis, WITHOUT WARRANTY OF ANY KIND, EITHER EXPRESS OR IMPLIED, AND LICENSOR HEREBY DISCLAIMS ALL SUCH WARRANTIES, INCLUDING WITHOUT LIMITATION, ANY WARRANTIES OF MERCHANTABILITY, FITNESS FOR A PARTICULAR PURPOSE, QUIET ENJOYMENT, OR NON-INFRINGEMENT. See the RPL for specific language governing rights and limitations under the RPL.
"
RHeCos-1.1,Red Hat eCos Public License v1.1,"
http://ecos.sourceware.org/old-license.html
",None,"
There is no standard license header for the license
"
RSCPL,Ricoh Source Code Public License,"
http://www.opensource.org/licenses/RSCPL
",None,"
        
        The contents of this file are subject to the Ricoh Source Code Public License Version 1.0 (the  License ); you may not use this file except in compliance with the License. You may obtain a copy of the License at http://www.risource.org/RPL
Software distributed under the License is distributed on an  AS IS  basis, WITHOUT WARRANTY OF ANY KIND, either express or implied. See the License for the specific language governing rights and limitations under the License.
This code was initially developed by Ricoh Silicon Valley, Inc. Portions created by Ricoh Silicon Valley, Inc. are Copyright (C) 1995-1999. All Rights Reserved.
Contributor(s): {{---}}.
"
RSA-MD,RSA Message-Digest License ,"
http://www.faqs.org/rfcs/rfc1321.html
",None,"
There is no standard license header for the license
"
Ruby,Ruby License,"
http://www.ruby-lang.org/en/LICENSE.txt
","Ruby is disjunctively licensed project that allows the choice of this license and another.  The other license choice has changed over time (from GPL originally, to BSD-2-Clause currently), so one needs to be aware of that change.  The Ruby License itself is un-versioned, but has varied a bit over the years, the last substantive variation being in 2002.","
There is no standard license header for the license
"
SAX-PD,Sax Public Domain Notice,"
http://www.saxproject.org/copying.html
",None,"
There is no standard license header for the license
"
Saxpath,Saxpath License,"
https://fedoraproject.org/wiki/Licensing/Saxpath_License
",None,"
There is no standard license header for the license
"
SCEA,SCEA Shared Source License,"
http://research.scea.com/scea_shared_source_license.html
",None,"
There is no standard license header for the license
"
SWL,Scheme Widget Library (SWL) Software License Agreement,"
https://fedoraproject.org/wiki/Licensing/SWL
",None,"
There is no standard license header for the license
"
SMPPL,Secure Messaging Protocol Public License,"
https://github.com/dcblake/SMP/blob/master/Documentation/License.txt
",None,"
There is no standard license header for the license
"
Sendmail,Sendmail License,"
http://www.sendmail.com/pdfs/open_source/sendmail_license.pdf
",None,"
There is no standard license header for the license
"
SGI-B-1.0,SGI Free Software License B v1.0,"
http://oss.sgi.com/projects/FreeB/SGIFreeSWLicB.1.0.html
",This license was released 25 January 2000,"
        
        License Applicability. Except to the extent portions of this file are made subject to an alternative license as permitted in the SGI Free Software License B, Version 1.0 (the  License ), the contents of this file are subject only to the provisions of the License. You may not use this file except in compliance with the License. You may obtain a copy of the License at Silicon Graphics, Inc., attn: Legal Services, 1600 Ampitheatre Parkway, Mountain View, CA 94043-1351, or at:
http://oss.sgi.com/projects/FreeB
Note that, as provided in the License, the Software is distributed on an  AS IS  basis, with ALL EXPRESS AND IMPLIED WARRANTIES AND CONDITIONS DISCLAIMED, INCLUDING, WITHOUT LIMITATION, ANY IMPLIED WARRANTIES AND CONDITIONS OF MERCHANTABILITY, SATISFACTORY QUALITY, FITNESS FOR A PARTICULAR PURPOSE, AND NON-INFRINGEMENT.
Original Code. The Original Code is: [name of software, version number, and release date], developed by Silicon Graphics, Inc. The Original Code is Copyright (c) [dates of first publication, as appearing in the Notice in the Original Code] Silicon Graphics, Inc. Copyright in any portions created by third parties is as indicated elsewhere herein. All Rights Reserved.
"
SGI-B-1.1,SGI Free Software License B v1.1,"
http://oss.sgi.com/projects/FreeB/
",This license was released 22 February 2002,"
        
        License Applicability. Except to the extent portions of this file are made subject to an alternative license as permitted in the SGI Free Software License B, Version 1.1 (the  License ), the contents of this file are subject only to the provisions of the License. You may not use this file except in compliance with the License. You may obtain a copy of the License at Silicon Graphics, Inc., attn: Legal Services, 1600 Amphitheatre Parkway, Mountain View, CA 94043-1351, or at: 
http://oss.sgi.com/projects/FreeB
Note that, as provided in the License, the Software is distributed on an  AS IS  basis, with ALL EXPRESS AND IMPLIED WARRANTIES AND CONDITIONS DISCLAIMED, INCLUDING, WITHOUT LIMITATION, ANY IMPLIED WARRANTIES AND CONDITIONS OF MERCHANTABILITY, SATISFACTORY QUALITY, FITNESS FOR A PARTICULAR PURPOSE, AND NON-INFRINGEMENT.
Original Code. The Original Code is: [name of software, version number, and release date], developed by Silicon Graphics, Inc. The Original Code is Copyright (c) [dates of first publication, as appearing in the Notice in the Original Code] Silicon Graphics, Inc. Copyright in any portions created by third parties is as indicated elsewhere herein. All Rights Reserved.
"
SGI-B-2.0,SGI Free Software License B v2.0,"
http://oss.sgi.com/projects/FreeB/SGIFreeSWLicB.2.0.pdf
",This license was released 18 Sept 2008,"
There is no standard license header for the license
"
OFL-1.0,SIL Open Font License 1.0,"
http://scripts.sil.org/cms/scripts/page.php?item_id=OFL10_web
","This license has been superseded.
This license was released in November 2005.","
There is no standard license header for the license
"
OFL-1.1,SIL Open Font License 1.1,"
http://scripts.sil.org/cms/scripts/page.php?item_id=OFL_web
http://www.opensource.org/licenses/OFL-1.1
",This license was released: 26 February 2007.,"
There is no standard license header for the license
"
SimPL-2.0,Simple Public License 2.0,"
http://www.opensource.org/licenses/SimPL-2.0
",None,"
There is no standard license header for the license
"
Sleepycat,Sleepycat License,"
http://www.opensource.org/licenses/Sleepycat
",None,"
There is no standard license header for the license
"
SNIA,SNIA Public License 1.1,"
https://fedoraproject.org/wiki/Licensing/SNIA_Public_License
",This is MPL-1.1 with some edits.,"
There is no standard license header for the license
"
Spencer-86,Spencer License 86,"
https://fedoraproject.org/wiki/Licensing/Henry_Spencer_Reg-Ex_Library_License
",None,"
There is no standard license header for the license
"
Spencer-94,Spencer License 94,"
https://fedoraproject.org/wiki/Licensing/Henry_Spencer_Reg-Ex_Library_License
",None,"
There is no standard license header for the license
"
Spencer-99,Spencer License 99,"
http://www.opensource.apple.com/source/tcl/tcl-5/tcl/generic/regfronts.c
",None,"
There is no standard license header for the license
"
SMLNJ,Standard ML of New Jersey License,"
http://www.smlnj.org//license.html
",None,"
There is no standard license header for the license
"
SugarCRM-1.1.3,SugarCRM Public License v1.1.3,"
http://www.sugarcrm.com/crm/SPL
",None,"
        
        The contents of this file are subject to the SugarCRM Public License Version 1.1.3
( License ); You may not use this file except in compliance with the
License. You may obtain a copy of the License at http://www.sugarcrm.com/SPL
Software distributed under the License is distributed on an  AS IS  basis,
WITHOUT WARRANTY OF ANY KIND, either express or implied. See the License for
the specific language governing rights and limitations under the License.
The Original Code is: SugarCRM Open Source
The Initial Developer of the Original Code is SugarCRM, Inc.
Portions created by SugarCRM are Copyright (C) 2004 SugarCRM, Inc.;
All Rights Reserved.
Contributor(s): _____.
"
SISSL,Sun Industry Standards Source License v1.1,"
http://www.openoffice.org/licenses/sissl_license.html
http://opensource.org/licenses/SISSL
",None,"
        
        The contents of this file are subject to the Sun Standards License Version 1.1 (the  License );
You may not use this file except in compliance with theLicense. You may obtain a copy of the
License at 
_______
.
Software distributed under the License is distributed onan  AS IS  basis, WITHOUT WARRANTY OF ANY KIND, eitherexpress or implied. See the License for the specific language governing rights and limitations under the License.
The Original Code is 
_____
.
The Initial Developer of the Original Code is:
Sun Microsystems, Inc..
Portions created by: 
_____

are Copyright (C): 
_____

All Rights Reserved.
Contributor(s): 
_____
"
SISSL-1.2,Sun Industry Standards Source License v1.2,"
http://gridscheduler.sourceforge.net/Gridengine_SISSL_license.html
",None,"
        
        The contents of this file are subject to the Sun Industry Standards Source License Version 1.2 (the License); You may not use this file except in compliance with the License.
You may obtain a copy of the License at gridengine.sunsource.net/license.html
Software distributed under the License is distributed on an AS IS basis, WITHOUT WARRANTY OF ANY KIND, either express or implied. See the License for the specific language governing 
rights and limitations under the License.
The Original Code is Grid Engine.
The Initial Developer of the Original Code is: Sun Microsystems, Inc.
Portions created by: Sun Microsystems, Inc. are 
Copyright (C) 2001 Sun Microsystems, Inc.
All Rights Reserved.
 Contributor(s): 
_____
"
SPL-1.0,Sun Public License v1.0,"
http://www.opensource.org/licenses/SPL-1.0
",None,"
        
        The contents of this file are subject to the Sun Public License Version 1.0 (the License); you may not use this file except in compliance with the License. A copy of the License is available at http://www.sun.com/ 
The Original Code is 
_____
. 
The Initial Developer of the Original Code is 
_____
. 
Portions created by 
_____
 are Copyright (C) 
_____
. All Rights Reserved.  
Contributor(s): 
_____

Alternatively, the contents of this file may be used under the terms of the 
_____
 license (the 
[____]
 License), in which case the provisions of 
[____]
 License are applicable instead of those above. If you wish to allow use of your version of this file only under the terms of the 
[____]
 License and not to allow others to use your version of this file under the SPL, indicate your decision by deleting the provisions above and replace them with the notice and other provisions required by the 
[____]
 License. If you do not delete the provisions above, a recipient may use your version of this file under either the SPL or the 
[____]
 License.
"
Watcom-1.0,Sybase Open Watcom Public License 1.0,"
http://www.opensource.org/licenses/Watcom-1.0
",None,"
        
        Portions Copyright (c) 1983-2002 Sybase, Inc. All Rights Reserved.
This file contains Original Code and/or Modifications of Original Code as defined in and that are subject to the Sybase Open Watcom Public License version 1.0 (the &apos;License&apos;). You may not use this file except in compliance with the License. BY USING THIS FILE YOU AGREE TO ALL TERMS AND CONDITIONS OF THE LICENSE. A copy of the License is provided with the Original Code and Modifications, and is also available at www.sybase.com/developer/opensource. 
The Original Code and all software distributed under the License are distributed on an &apos;AS IS&apos; basis, WITHOUT WARRANTY OF ANY KIND, EITHER EXPRESS OR IMPLIED, AND SYBASE AND ALL CONTRIBUTORS HEREBY DISCLAIM ALL SUCH WARRANTIES, INCLUDING WITHOUT LIMITATION, ANY WARRANTIES OF MERCHANTABILITY, FITNESS FOR A PARTICULAR PURPOSE, QUIET ENJOYMENT OR NON-INFRINGEMENT. Please see the License for the specific language governing rights and limitations under the License. 
"
TCL,TCL/TK License,"
http://www.tcl.tk/software/tcltk/license.html
https://fedoraproject.org/wiki/Licensing/TCL
",None,"
There is no standard license header for the license
"
Unlicense,The Unlicense,"
http://unlicense.org/
",This is a public domain dedication,"
There is no standard license header for the license
"
TMate,TMate Open Source License,"
http://svnkit.com/license.html
",None,"
There is no standard license header for the license
"
TORQUE-1.1,TORQUE v2.5+ Software License v1.1,"
https://fedoraproject.org/wiki/Licensing/TORQUEv1.1
",None,"
There is no standard license header for the license
"
TOSL,Trusster Open Source License,"
https://fedoraproject.org/wiki/Licensing/TOSL
",None,"
There is no standard license header for the license
"
Unicode-TOU,Unicode Terms of Use,"
http://www.unicode.org/copyright.html
",None,"
There is no standard license header for the license
"
UPL-1.0,Universal Permissive License v1.0,"
http://opensource.org/licenses/UPL
",None,"
There is no standard license header for the license
"
NCSA,University of Illinois/NCSA Open Source License,"
http://otm.illinois.edu/uiuc_openSource
http://www.opensource.org/licenses/NCSA
",None,"
There is no standard license header for the license
"
Vim,Vim License,"
http://vimdoc.sourceforge.net/htmldoc/uganda.html
",None,"
There is no standard license header for the license
"
VOSTROM,VOSTROM Public License for Open Source,"
https://fedoraproject.org/wiki/Licensing/VOSTROM
",None,"
There is no standard license header for the license
"
VSL-1.0,Vovida Software License v1.0,"
http://www.opensource.org/licenses/VSL-1.0
",None,"
There is no standard license header for the license
"
W3C-19980720,W3C Software Notice and License (1998-07-20),"
http://www.w3.org/Consortium/Legal/copyright-software-19980720.html
",None,"
There is no standard license header for the license
"
W3C,W3C Software Notice and License (2002-12-31),"
http://www.w3.org/Consortium/Legal/2002/copyright-software-20021231.html
http://www.opensource.org/licenses/W3C
","This license was released: 13 December 2002.
The standard header is provided via a link from the original license page.","
        
        Copyright (C) 
[$date-of-software]
 World Wide Web Consortium, (Massachusetts Institute of Technology, European Research Consortium for Informatics and Mathematics, Keio University). All Rights Reserved. This work is distributed under the W3C Software License in the hope that it will be useful, but WITHOUT ANY WARRANTY; without even the implied warranty of MERCHANTABILITY or FITNESS FOR A PARTICULAR PURPOSE.
      "
Wsuipa,Wsuipa License,"
https://fedoraproject.org/wiki/Licensing/Wsuipa
",None,"
There is no standard license header for the license
"
Xnet,X.Net License,"
http://opensource.org/licenses/Xnet
","This license is the same as MIT, but with a choice of law clause. 
This License has been voluntarily deprecated by its author.","
There is no standard license header for the license
"
X11,X11 License,"
http://www.xfree86.org/3.3.6/COPYRIGHT2.html#3
","This is same as MIT, but with no advertising clause added.","
There is no standard license header for the license
"
Xerox,Xerox License,"
https://fedoraproject.org/wiki/Licensing/Xerox
",None,"
There is no standard license header for the license
"
XFree86-1.1,XFree86 License 1.1,"
http://www.xfree86.org/current/LICENSE4.html
",None,"
There is no standard license header for the license
"
xinetd,xinetd License,"
https://fedoraproject.org/wiki/Licensing/Xinetd_License
",None,"
There is no standard license header for the license
"
xpp,XPP License,"
https://fedoraproject.org/wiki/Licensing/xpp
",None,"
There is no standard license header for the license
"
XSkat,XSkat License,"
https://fedoraproject.org/wiki/Licensing/XSkat_License
",None,"
There is no standard license header for the license
"
YPL-1.0,Yahoo! Public License v1.0,"
http://www.zimbra.com/license/yahoo_public_license_1.0.html
",None,"
There is no standard license header for the license
"
YPL-1.1,Yahoo! Public License v1.1,"
http://www.zimbra.com/license/yahoo_public_license_1.1.html
",None,"
There is no standard license header for the license
"
Zed,Zed License,"
https://fedoraproject.org/wiki/Licensing/Zed
",None,"
There is no standard license header for the license
"
Zend-2.0,Zend License v2.0,"
https://web.archive.org/web/20130517195954/http://www.zend.com/license/2_00.txt
",None,"
There is no standard license header for the license
"
Zimbra-1.3,Zimbra Public License v1.3,"
None
",None,"
There is no standard license header for the license
"
Zimbra-1.4,Zimbra Public License v1.4,"
http://www.zimbra.com/legal/zimbra-public-license-1-4
",None,"
There is no standard license header for the license
"
Zlib,zlib License,"
http://www.zlib.net/zlib_license.html
http://www.opensource.org/licenses/Zlib
",None,"
There is no standard license header for the license
"
zlib-acknowledgement,zlib/libpng License with Acknowledgement,"
https://fedoraproject.org/wiki/Licensing/ZlibWithAcknowledgement
",None,"
There is no standard license header for the license
"
ZPL-1.1,Zope Public License 1.1,"
http://old.zope.org/Resources/License/ZPL-1.1
",None,"
There is no standard license header for the license
"
ZPL-2.0,Zope Public License 2.0,"
http://old.zope.org/Resources/License/ZPL-2.0
http://opensource.org/licenses/ZPL-2.0
",None,"
There is no standard license header for the license
"
ZPL-2.1,Zope Public License 2.1,"
http://old.zope.org/Resources/ZPL/
",This is a generic version of the ZPL 2.0 license,"
There is no standard license header for the license
"
